semaine,carburant,prix,brent,raffinage,ticpe,tva,distribution
2022-01-03,Gazole,1.6044285714285718,0.5831,0.0867,0.5974000000000002,0.2671428571428572,0.0698857142857142
2022-01-03,SP95-E10,1.6819285714285714,0.5831,0.0867,0.6582,0.2797142857142857,0.0736785714285714
2022-01-03,SP98,1.7554615384615384,0.5831,0.0867,0.6936999999999999,0.2926153846153845,0.0994384615384615
2022-01-10,Gazole,1.640857142857143,0.5831,0.0867,0.5974000000000002,0.2727857142857143,0.1000642857142857
2022-01-10,SP95-E10,1.710357142857143,0.5831,0.0867,0.6582,0.2840714285714286,0.0972357142857142
2022-01-10,SP98,1.7856923076923077,0.5831,0.0867,0.6936999999999999,0.2967692307692307,0.1245999999999999
2022-01-17,Gazole,1.6705,0.5831,0.0867,0.5974000000000002,0.2777857142857143,0.1248
2022-01-17,SP95-E10,1.7283571428571431,0.5831,0.0867,0.6582,0.2870714285714285,0.1123214285714285
2022-01-17,SP98,1.8009230769230773,0.5831,0.0867,0.6936999999999999,0.2995384615384615,0.1372846153846154
2022-01-24,Gazole,1.6925714285714284,0.5831,0.0867,0.5974000000000002,0.2817857142857142,0.1432571428571429
2022-01-24,SP95-E10,1.7497142857142858,0.5831,0.0867,0.6582,0.2909285714285713,0.1300785714285714
2022-01-24,SP98,1.822461538461538,0.5831,0.0867,0.6936999999999999,0.3033846153846153,0.1551230769230769
2022-01-31,Gazole,1.708357142857143,0.5831,0.0867,0.5974000000000002,0.2841428571428571,0.1565357142857142
2022-01-31,SP95-E10,1.764714285714286,0.5831,0.0867,0.6582,0.2932857142857142,0.1427357142857143
2022-01-31,SP98,1.8361538461538465,0.5831,0.0867,0.6936999999999999,0.3052307692307692,0.1666461538461538
2022-02-07,Gazole,1.7237142857142855,0.5621,0.025,0.5974000000000002,0.2869285714285715,0.2520785714285714
2022-02-07,SP95-E10,1.7792142857142854,0.5621,0.025,0.6582,0.2960714285714285,0.2373
2022-02-07,SP98,1.8543846153846155,0.5621,0.025,0.6936999999999999,0.3083076923076923,0.2645692307692308
2022-02-14,Gazole,1.7267142857142856,0.5621,0.025,0.5974000000000002,0.2873571428571428,0.2544071428571429
2022-02-14,SP95-E10,1.7902142857142855,0.5621,0.025,0.6582,0.2977857142857142,0.2466928571428571
2022-02-14,SP98,1.862692307692308,0.5621,0.025,0.6936999999999999,0.3097692307692308,0.2713230769230769
2022-02-21,Gazole,1.7493571428571426,0.5621,0.025,0.5974000000000002,0.2911428571428571,0.2733428571428571
2022-02-21,SP95-E10,1.8125,0.5621,0.025,0.6582,0.3014285714285714,0.2651714285714285
2022-02-21,SP98,1.8866153846153844,0.5621,0.025,0.6936999999999999,0.3137692307692307,0.2912692307692308
2022-02-28,Gazole,1.854071428571429,0.5621,0.025,0.5974000000000002,0.3084285714285714,0.3604857142857143
2022-02-28,SP95-E10,1.8770714285714287,0.5621,0.025,0.6582,0.3125,0.3189999999999999
2022-02-28,SP98,1.9495384615384617,0.5621,0.025,0.6936999999999999,0.3244615384615384,0.3438307692307693
2022-03-07,Gazole,2.125785714285714,0.6784999999999998,0.0717999999999999,0.5974000000000002,0.3538571428571428,0.4238571428571429
2022-03-07,SP95-E10,2.036857142857143,0.6784999999999998,0.0717999999999999,0.6582,0.3392142857142857,0.2889214285714285
2022-03-07,SP98,2.1166153846153843,0.6784999999999998,0.0717999999999999,0.6936999999999999,0.3524615384615384,0.3198307692307692
2022-03-14,Gazole,2.010857142857143,0.6784999999999998,0.0717999999999999,0.5974000000000002,0.3344285714285714,0.3279071428571429
2022-03-14,SP95-E10,1.9705,0.6784999999999998,0.0717999999999999,0.6582,0.3276428571428572,0.2334142857142857
2022-03-14,SP98,2.0604615384615386,0.6784999999999998,0.0717999999999999,0.6936999999999999,0.3418461538461538,0.2730230769230769
2022-03-21,Gazole,2.0910714285714285,0.6784999999999998,0.0717999999999999,0.5974000000000002,0.3485,0.3947928571428571
2022-03-21,SP95-E10,1.980928571428572,0.6784999999999998,0.0717999999999999,0.6582,0.3292142857142857,0.24235
2022-03-21,SP98,2.0689230769230766,0.6784999999999998,0.0717999999999999,0.6936999999999999,0.344076923076923,0.2801230769230769
2022-03-28,Gazole,2.010857142857143,0.6784999999999998,0.0717999999999999,0.5974000000000002,0.3342857142857142,0.3279499999999999
2022-03-28,SP95-E10,1.8982857142857144,0.6784999999999998,0.0717999999999999,0.6582,0.3154285714285715,0.1733428571428571
2022-03-28,SP98,1.988384615384616,0.6784999999999998,0.0717999999999999,0.6936999999999999,0.3306923076923078,0.2130384615384614
2022-04-04,Gazole,1.8440714285714288,0.6051000000000001,0.1343,0.5974000000000002,0.3068571428571429,0.1999999999999999
2022-04-04,SP95-E10,1.7740714285714283,0.6051000000000001,0.1343,0.6582,0.295,0.0807071428571428
2022-04-04,SP98,1.8664615384615384,0.6051000000000001,0.1343,0.6936999999999999,0.310076923076923,0.1221846153846153
2022-04-11,Gazole,1.825071428571429,0.6051000000000001,0.1343,0.5974000000000002,0.3034285714285714,0.1840285714285714
2022-04-11,SP95-E10,1.7575,0.6051000000000001,0.1343,0.6582,0.2924285714285713,0.0669642857142857
2022-04-11,SP98,1.8476923076923075,0.6051000000000001,0.1343,0.6936999999999999,0.3070769230769231,0.1067230769230769
2022-04-18,Gazole,1.884428571428572,0.6051000000000001,0.1343,0.5974000000000002,0.3138571428571428,0.2335571428571428
2022-04-18,SP95-E10,1.770857142857143,0.6051000000000001,0.1343,0.6582,0.2945714285714285,0.0781571428571428
2022-04-18,SP98,1.8539230769230768,0.6051000000000001,0.1343,0.6936999999999999,0.3084615384615384,0.1119307692307692
2022-04-25,Gazole,1.8925714285714288,0.6051000000000001,0.1343,0.5974000000000002,0.3148571428571428,0.2403214285714285
2022-04-25,SP95-E10,1.7865,0.6051000000000001,0.1343,0.6582,0.2972857142857142,0.0910857142857142
2022-04-25,SP98,1.873307692307692,0.6051000000000001,0.1343,0.6936999999999999,0.3116923076923077,0.1279692307692307
2022-05-02,Gazole,1.948357142857143,0.6544999999999999,0.1207,0.5974000000000002,0.3244285714285714,0.2509857142857143
2022-05-02,SP95-E10,1.8420714285714288,0.6544999999999999,0.1207,0.6582,0.3064999999999999,0.1016857142857142
2022-05-02,SP98,1.925,0.6544999999999999,0.1207,0.6936999999999999,0.3206153846153846,0.1353
2022-05-09,Gazole,1.9031428571428568,0.6544999999999999,0.1207,0.5974000000000002,0.3165714285714286,0.2132928571428571
2022-05-09,SP95-E10,1.8775,0.6544999999999999,0.1207,0.6582,0.3127142857142857,0.1311071428571429
2022-05-09,SP98,1.9654615384615384,0.6544999999999999,0.1207,0.6936999999999999,0.3272307692307692,0.1689153846153846
2022-05-16,Gazole,1.8883571428571428,0.6544999999999999,0.1207,0.5974000000000002,0.314,0.2010214285714285
2022-05-16,SP95-E10,1.963642857142857,0.6544999999999999,0.1207,0.6582,0.3267857142857143,0.2029214285714285
2022-05-16,SP98,2.048153846153846,0.6544999999999999,0.1207,0.6936999999999999,0.3410000000000001,0.2378
2022-05-23,Gazole,1.8647857142857145,0.6544999999999999,0.1207,0.5974000000000002,0.3101428571428571,0.1813857142857142
2022-05-23,SP95-E10,1.9721428571428568,0.6544999999999999,0.1207,0.6582,0.3279999999999999,0.2100642857142856
2022-05-23,SP98,2.0583846153846155,0.6544999999999999,0.1207,0.6936999999999999,0.3426923076923077,0.2465538461538461
2022-05-30,Gazole,1.9619285714285712,0.6544999999999999,0.1207,0.5974000000000002,0.3261428571428572,0.2622571428571428
2022-05-30,SP95-E10,2.0701428571428573,0.6544999999999999,0.1207,0.6582,0.3446428571428571,0.2917285714285714
2022-05-30,SP98,2.1561538461538463,0.6544999999999999,0.1207,0.6936999999999999,0.3589230769230769,0.3278538461538461
2022-06-06,Gazole,2.078928571428572,0.7100000000000001,0.1252,0.5974000000000002,0.3459285714285713,0.2999
2022-06-06,SP95-E10,2.1280714285714284,0.7100000000000001,0.1252,0.6582,0.3542857142857142,0.2799071428571428
2022-06-06,SP98,2.2161538461538464,0.7100000000000001,0.1252,0.6936999999999999,0.3690769230769231,0.3178538461538461
2022-06-13,Gazole,2.147571428571428,0.7100000000000001,0.1252,0.5974000000000002,0.3572857142857142,0.3570071428571428
2022-06-13,SP95-E10,2.1245,0.7100000000000001,0.1252,0.6582,0.3534285714285715,0.2770928571428572
2022-06-13,SP98,2.212,0.7100000000000001,0.1252,0.6936999999999999,0.3681538461538461,0.3144076923076923
2022-06-20,Gazole,2.161714285714285,0.7100000000000001,0.1252,0.5974000000000002,0.3595714285714285,0.3688571428571428
2022-06-20,SP95-E10,2.0785714285714287,0.7100000000000001,0.1252,0.6582,0.3457142857142857,0.2387285714285714
2022-06-20,SP98,2.169153846153846,0.7100000000000001,0.1252,0.6936999999999999,0.3612307692307693,0.2787923076923077
2022-06-27,Gazole,2.107857142857143,0.7100000000000001,0.1252,0.5974000000000002,0.3506428571428571,0.3238714285714285
2022-06-27,SP95-E10,2.0657857142857146,0.7100000000000001,0.1252,0.6582,0.3439285714285714,0.2282
2022-06-27,SP98,2.156,0.7100000000000001,0.1252,0.6936999999999999,0.359,0.2677923076923076
2022-07-04,Gazole,2.0350714285714284,0.6477000000000002,0.0664,0.5974000000000002,0.3384285714285714,0.3842642857142858
2022-07-04,SP95-E10,2.0257857142857145,0.6477000000000002,0.0664,0.6582,0.3368571428571428,0.3157214285714285
2022-07-04,SP98,2.1144615384615384,0.6477000000000002,0.0664,0.6936999999999999,0.3518461538461538,0.3542538461538461
2022-07-11,Gazole,1.9979285714285715,0.6477000000000002,0.0664,0.5974000000000002,0.3323571428571429,0.353342857142857
2022-07-11,SP95-E10,1.9857857142857145,0.6477000000000002,0.0664,0.6582,0.3303571428571428,0.2825142857142856
2022-07-11,SP98,2.075307692307692,0.6477000000000002,0.0664,0.6936999999999999,0.3455384615384614,0.3215846153846154
2022-07-18,Gazole,1.9715714285714283,0.6477000000000002,0.0664,0.5974000000000002,0.3278571428571428,0.3314928571428571
2022-07-18,SP95-E10,1.9196428571428568,0.6477000000000002,0.0664,0.6582,0.3193571428571428,0.2274571428571428
2022-07-18,SP98,2.007538461538462,0.6477000000000002,0.0664,0.6936999999999999,0.334076923076923,0.2651538461538461
2022-07-25,Gazole,1.916428571428572,0.6477000000000002,0.0664,0.5974000000000002,0.3187857142857143,0.2855357142857143
2022-07-25,SP95-E10,1.854714285714286,0.6477000000000002,0.0664,0.6582,0.3080714285714285,0.1733857142857142
2022-07-25,SP98,1.945846153846154,0.6477000000000002,0.0664,0.6936999999999999,0.3236923076923077,0.2137
2022-08-01,Gazole,1.881857142857143,0.5812,0.0714,0.5974000000000002,0.3127142857142857,0.3183142857142857
2022-08-01,SP95-E10,1.834785714285714,0.5812,0.0714,0.6582,0.3051428571428571,0.2181999999999999
2022-08-01,SP98,1.923461538461538,0.5812,0.0714,0.6936999999999999,0.3198461538461538,0.2565923076923077
2022-08-08,Gazole,1.824857142857143,0.5812,0.0714,0.5974000000000002,0.3031428571428571,0.2706142857142857
2022-08-08,SP95-E10,1.7750714285714284,0.5812,0.0714,0.6582,0.295,0.16835
2022-08-08,SP98,1.863076923076923,0.5812,0.0714,0.6936999999999999,0.3098461538461539,0.2061923076923076
2022-08-15,Gazole,1.8592142857142857,0.5812,0.0714,0.5974000000000002,0.3091428571428571,0.2993285714285714
2022-08-15,SP95-E10,1.7687857142857142,0.5812,0.0714,0.6582,0.2939285714285714,0.1632357142857143
2022-08-15,SP98,1.855692307692308,0.5812,0.0714,0.6936999999999999,0.3086923076923077,0.2000615384615384
2022-08-22,Gazole,1.948357142857143,0.5812,0.0714,0.5974000000000002,0.3242142857142857,0.3735857142857143
2022-08-22,SP95-E10,1.7735714285714284,0.5812,0.0714,0.6582,0.2947142857142856,0.1671714285714285
2022-08-22,SP98,1.8581538461538465,0.5812,0.0714,0.6936999999999999,0.3088461538461539,0.2022846153846153
2022-08-29,Gazole,1.8685000000000005,0.5812,0.0714,0.5974000000000002,0.3107857142857143,0.3070142857142857
2022-08-29,SP95-E10,1.6340714285714288,0.5812,0.0714,0.6582,0.2713571428571429,0.0509071428571428
2022-08-29,SP98,1.7227692307692308,0.5812,0.0714,0.6936999999999999,0.2864615384615384,0.0894538461538461
2022-09-05,Gazole,1.7516428571428573,0.5193000000000001,0.1039,0.5974000000000002,0.2907857142857143,0.2390785714285714
2022-09-05,SP95-E10,1.5170714285714286,0.5193000000000001,0.1039,0.6582,0.2520714285714286,-0.0171285714285714
2022-09-05,SP98,1.6080000000000003,0.5193000000000001,0.1039,0.6936999999999999,0.2672307692307692,0.0231
2022-09-12,Gazole,1.715142857142857,0.5193000000000001,0.1039,0.5974000000000002,0.2847142857142857,0.20865
2022-09-12,SP95-E10,1.5022857142857142,0.5193000000000001,0.1039,0.6582,0.2493571428571428,-0.0294571428571428
2022-09-12,SP98,1.5925384615384612,0.5193000000000001,0.1039,0.6936999999999999,0.2643846153846154,0.0102846153846153
2022-09-19,Gazole,1.6677142857142857,0.5193000000000001,0.1039,0.5974000000000002,0.2768571428571428,0.1691928571428571
2022-09-19,SP95-E10,1.5029285714285714,0.5193000000000001,0.1039,0.6582,0.2497142857142857,-0.0288857142857142
2022-09-19,SP98,1.5933846153846152,0.5193000000000001,0.1039,0.6936999999999999,0.2648461538461539,0.0110307692307692
2022-09-26,Gazole,1.692071428571429,0.5193000000000001,0.1039,0.5974000000000002,0.2809285714285714,0.1895642857142856
2022-09-26,SP95-E10,1.5297142857142858,0.5193000000000001,0.1039,0.6582,0.2541428571428571,-0.0066285714285714
2022-09-26,SP98,1.618307692307693,0.5193000000000001,0.1039,0.6936999999999999,0.2688461538461538,0.0317
2022-10-03,Gazole,1.7950714285714284,0.5404,0.1627,0.5974000000000002,0.2982857142857143,0.1954428571428571
2022-10-03,SP95-E10,1.6134285714285712,0.5404,0.1627,0.6582,0.2679999999999999,-0.0168857142857142
2022-10-03,SP98,1.698,0.5404,0.1627,0.6936999999999999,0.282076923076923,0.0182153846153846
2022-10-10,Gazole,1.944928571428572,0.5404,0.1627,0.5974000000000002,0.3234285714285714,0.3201928571428571
2022-10-10,SP95-E10,1.7002857142857142,0.5404,0.1627,0.6582,0.2828571428571428,0.05555
2022-10-10,SP98,1.789153846153846,0.5404,0.1627,0.6936999999999999,0.2976923076923077,0.094176923076923
2022-10-17,Gazole,1.9222857142857144,0.5404,0.1627,0.5974000000000002,0.3192857142857143,0.3013499999999999
2022-10-17,SP95-E10,1.6673571428571432,0.5404,0.1627,0.6582,0.2769285714285714,0.0281499999999999
2022-10-17,SP98,1.7623846153846152,0.5404,0.1627,0.6936999999999999,0.2925384615384615,0.0719230769230769
2022-10-24,Gazole,1.8746428571428573,0.5404,0.1627,0.5974000000000002,0.3114285714285714,0.2616785714285715
2022-10-24,SP95-E10,1.620214285714286,0.5404,0.1627,0.6582,0.2689285714285715,-0.0110999999999999
2022-10-24,SP98,1.6995,0.5404,0.1627,0.6936999999999999,0.2817142857142857,0.0193857142857142
2022-10-31,Gazole,1.856714285714285,0.5404,0.1627,0.5974000000000002,0.3084285714285714,0.2467642857142857
2022-10-31,SP95-E10,1.632785714285714,0.5404,0.1627,0.6582,0.2710714285714286,-0.0005285714285714
2022-10-31,SP98,1.7289230769230768,0.5404,0.1627,0.6936999999999999,0.2866923076923077,0.043976923076923
2022-11-07,Gazole,1.833357142857143,0.529,0.0687999999999999,0.5974000000000002,0.3045,0.3325285714285714
2022-11-07,SP95-E10,1.6468571428571426,0.529,0.0687999999999999,0.6582,0.2737142857142857,0.1165142857142857
2022-11-07,SP98,1.7376923076923076,0.529,0.0687999999999999,0.6936999999999999,0.2884615384615384,0.1564538461538461
2022-11-14,Gazole,1.897714285714286,0.529,0.0687999999999999,0.5974000000000002,0.3152142857142856,0.3861642857142857
2022-11-14,SP95-E10,1.7577857142857145,0.529,0.0687999999999999,0.6582,0.2919285714285714,0.2088499999999999
2022-11-14,SP98,1.846692307692308,0.529,0.0687999999999999,0.6936999999999999,0.3065384615384615,0.2474461538461538
2022-11-21,Gazole,1.876,0.529,0.0687999999999999,0.5974000000000002,0.3118571428571429,0.3681285714285715
2022-11-21,SP95-E10,1.741428571428571,0.529,0.0687999999999999,0.6582,0.2894285714285714,0.1951928571428571
2022-11-21,SP98,1.825307692307692,0.529,0.0687999999999999,0.6936999999999999,0.303076923076923,0.2296384615384615
2022-11-28,Gazole,1.831428571428572,0.529,0.0687999999999999,0.5974000000000002,0.3045714285714286,0.3309642857142857
2022-11-28,SP95-E10,1.7110714285714288,0.529,0.0687999999999999,0.6582,0.2845,0.1699142857142857
2022-11-28,SP98,1.7949230769230768,0.529,0.0687999999999999,0.6936999999999999,0.2983846153846153,0.2043769230769231
2022-12-05,Gazole,1.7699285714285715,0.4683000000000001,0.064,0.5974000000000002,0.2942857142857143,0.3452142857142857
2022-12-05,SP95-E10,1.673785714285714,0.4683000000000001,0.064,0.6582,0.2782857142857143,0.2043714285714285
2022-12-05,SP98,1.7575384615384615,0.4683000000000001,0.064,0.6936999999999999,0.2922307692307692,0.2386307692307692
2022-12-12,Gazole,1.7403571428571427,0.4683000000000001,0.064,0.5974000000000002,0.2895714285714285,0.3206642857142858
2022-12-12,SP95-E10,1.633857142857143,0.4683000000000001,0.064,0.6582,0.2715,0.1710571428571428
2022-12-12,SP98,1.722769230769231,0.4683000000000001,0.064,0.6936999999999999,0.2862307692307692,0.2097076923076923
2022-12-19,Gazole,1.7656428571428573,0.4683000000000001,0.064,0.5974000000000002,0.2938571428571429,0.3416214285714286
2022-12-19,SP95-E10,1.6362857142857143,0.4683000000000001,0.064,0.6582,0.2718571428571428,0.17315
2022-12-19,SP98,1.7283846153846152,0.4683000000000001,0.064,0.6936999999999999,0.2871538461538461,0.2142692307692307
2022-12-26,Gazole,1.794857142857143,0.4683000000000001,0.064,0.5974000000000002,0.2983571428571428,0.3660571428571429
2022-12-26,SP95-E10,1.6734285714285713,0.4683000000000001,0.064,0.6582,0.2781428571428571,0.2041
2022-12-26,SP98,1.764076923076923,0.4683000000000001,0.064,0.6936999999999999,0.293076923076923,0.2438846153846154
2023-01-02,Gazole,1.920785714285714,0.4772999999999999,0.0607999999999999,0.5974000000000002,0.3196428571428572,0.4652357142857143
2023-01-02,SP95-E10,1.8420714285714288,0.4772999999999999,0.0607999999999999,0.6582,0.3066428571428571,0.3388428571428572
2023-01-02,SP98,1.9179230769230768,0.4772999999999999,0.0607999999999999,0.6936999999999999,0.3193076923076923,0.3664307692307692
2023-01-09,Gazole,1.913785714285713,0.4772999999999999,0.0607999999999999,0.5974000000000002,0.3183571428571428,0.4593571428571428
2023-01-09,SP95-E10,1.8592857142857144,0.4772999999999999,0.0607999999999999,0.6582,0.3096428571428571,0.3531142857142857
2023-01-09,SP98,1.9403846153846152,0.4772999999999999,0.0607999999999999,0.6936999999999999,0.3230769230769231,0.3853076923076923
2023-01-16,Gazole,1.9385714285714284,0.4772999999999999,0.0607999999999999,0.5974000000000002,0.3227142857142857,0.4799785714285714
2023-01-16,SP95-E10,1.895,0.4772999999999999,0.0607999999999999,0.6582,0.3155714285714285,0.3828857142857142
2023-01-16,SP98,1.9741538461538464,0.4772999999999999,0.0607999999999999,0.6936999999999999,0.3286153846153846,0.4133307692307693
2023-01-23,Gazole,1.9646428571428576,0.4772999999999999,0.0607999999999999,0.5974000000000002,0.3271428571428572,0.5017071428571429
2023-01-23,SP95-E10,1.9288571428571424,0.4772999999999999,0.0607999999999999,0.6582,0.3211428571428571,0.4111071428571429
2023-01-23,SP98,2.0085384615384614,0.4772999999999999,0.0607999999999999,0.6936999999999999,0.3345384615384615,0.4419999999999999
2023-01-30,Gazole,1.9218571428571425,0.4772999999999999,0.0607999999999999,0.5974000000000002,0.3199285714285714,0.4660857142857142
2023-01-30,SP95-E10,1.9242142857142848,0.4772999999999999,0.0607999999999999,0.6582,0.3206428571428571,0.4072428571428571
2023-01-30,SP98,2.010384615384615,0.4772999999999999,0.0607999999999999,0.6936999999999999,0.3346923076923077,0.4434769230769231
2023-02-06,Gazole,1.858714285714285,0.4779,0.0617999999999999,0.5974000000000002,0.309,0.4118499999999999
2023-02-06,SP95-E10,1.900285714285714,0.4779,0.0617999999999999,0.6582,0.3163571428571429,0.3856571428571428
2023-02-06,SP98,1.9860769230769235,0.4779,0.0617999999999999,0.6936999999999999,0.3305384615384615,0.4216153846153846
2023-02-13,Gazole,1.850928571428572,0.4779,0.0617999999999999,0.5974000000000002,0.3080714285714286,0.4053
2023-02-13,SP95-E10,1.8997857142857144,0.4779,0.0617999999999999,0.6582,0.3164285714285714,0.3852571428571428
2023-02-13,SP98,1.984,0.4779,0.0617999999999999,0.6936999999999999,0.3302307692307693,0.4198
2023-02-20,Gazole,1.8378571428571429,0.4779,0.0617999999999999,0.5974000000000002,0.3060714285714286,0.3945428571428571
2023-02-20,SP95-E10,1.8931428571428568,0.4779,0.0617999999999999,0.6582,0.3153571428571428,0.37975
2023-02-20,SP98,1.9784615384615387,0.4779,0.0617999999999999,0.6936999999999999,0.3296153846153847,0.4154
2023-02-27,Gazole,1.8393571428571427,0.4779,0.0617999999999999,0.5974000000000002,0.3060714285714285,0.39565
2023-02-27,SP95-E10,1.8895,0.4779,0.0617999999999999,0.6582,0.3145714285714285,0.3766285714285713
2023-02-27,SP98,1.9760769230769235,0.4779,0.0617999999999999,0.6936999999999999,0.3288461538461538,0.4132153846153846
2023-03-06,Gazole,1.863,0.4539,0.0615,0.5974000000000002,0.3101428571428571,0.4395785714285715
2023-03-06,SP95-E10,1.9090714285714283,0.4539,0.0615,0.6582,0.3177142857142856,0.4172642857142857
2023-03-06,SP98,1.9912307692307687,0.4539,0.0615,0.6936999999999999,0.3316923076923077,0.4502923076923077
2023-03-13,Gazole,1.85,0.4539,0.0615,0.5974000000000002,0.3077142857142857,0.4289285714285715
2023-03-13,SP95-E10,1.9106428571428573,0.4539,0.0615,0.6582,0.318,0.4186999999999999
2023-03-13,SP98,1.998615384615385,0.4539,0.0615,0.6936999999999999,0.3325384615384615,0.4563461538461538
2023-03-20,Gazole,1.840928571428572,0.4539,0.0615,0.5974000000000002,0.3063571428571428,0.4213285714285714
2023-03-20,SP95-E10,1.9098571428571425,0.4539,0.0615,0.6582,0.3177142857142857,0.4179571428571428
2023-03-20,SP98,1.9972307692307687,0.4539,0.0615,0.6936999999999999,0.3324615384615385,0.4551923076923077
2023-03-27,Gazole,1.8345,0.4539,0.0615,0.5974000000000002,0.3051428571428571,0.4158785714285715
2023-03-27,SP95-E10,1.9272857142857145,0.4539,0.0615,0.6582,0.3207857142857143,0.4324642857142858
2023-03-27,SP98,2.0189230769230764,0.4539,0.0615,0.6936999999999999,0.3361538461538461,0.4734076923076923
2023-04-03,Gazole,1.8252857142857144,0.4897999999999998,0.0218999999999999,0.5974000000000002,0.3037857142857142,0.4120785714285714
2023-04-03,SP95-E10,1.942428571428572,0.4897999999999998,0.0218999999999999,0.6582,0.3232857142857143,0.4487214285714286
2023-04-03,SP98,2.028076923076923,0.4897999999999998,0.0218999999999999,0.6936999999999999,0.3374615384615385,0.4846846153846154
2023-04-10,Gazole,1.8242857142857145,0.4897999999999998,0.0218999999999999,0.5974000000000002,0.3035714285714285,0.4111857142857142
2023-04-10,SP95-E10,1.9492142857142856,0.4897999999999998,0.0218999999999999,0.6582,0.3242857142857143,0.4544785714285714
2023-04-10,SP98,2.0146153846153845,0.4897999999999998,0.0218999999999999,0.6936999999999999,0.3350769230769231,0.4735461538461537
2023-04-17,Gazole,1.797928571428571,0.4897999999999998,0.0218999999999999,0.5974000000000002,0.2990714285714286,0.3892071428571428
2023-04-17,SP95-E10,1.9377142857142853,0.4897999999999998,0.0218999999999999,0.6582,0.3225,0.4448428571428572
2023-04-17,SP98,2.007,0.4897999999999998,0.0218999999999999,0.6936999999999999,0.3338461538461538,0.4670923076923077
2023-04-24,Gazole,1.751,0.4897999999999998,0.0218999999999999,0.5974000000000002,0.2912857142857143,0.3501214285714286
2023-04-24,SP95-E10,1.9001428571428567,0.4897999999999998,0.0218999999999999,0.6582,0.3161428571428571,0.4134571428571428
2023-04-24,SP98,1.9725384615384616,0.4897999999999998,0.0218999999999999,0.6936999999999999,0.3278461538461539,0.4382692307692307
2023-05-01,Gazole,1.7010714285714286,0.4375999999999998,0.0282999999999999,0.5974000000000002,0.2828571428571428,0.3542214285714285
2023-05-01,SP95-E10,1.8690714285714287,0.4375999999999998,0.0282999999999999,0.6582,0.3109285714285714,0.4334571428571428
2023-05-01,SP98,1.944,0.4375999999999998,0.0282999999999999,0.6936999999999999,0.3233076923076923,0.4604307692307692
2023-05-08,Gazole,1.6773571428571423,0.4375999999999998,0.0282999999999999,0.5974000000000002,0.2787857142857143,0.3344
2023-05-08,SP95-E10,1.8423571428571428,0.4375999999999998,0.0282999999999999,0.6582,0.3065714285714285,0.4112214285714287
2023-05-08,SP98,1.9204615384615384,0.4375999999999998,0.0282999999999999,0.6936999999999999,0.3194615384615385,0.4408923076923077
2023-05-15,Gazole,1.688214285714286,0.4375999999999998,0.0282999999999999,0.5974000000000002,0.281,0.34345
2023-05-15,SP95-E10,1.8477142857142856,0.4375999999999998,0.0282999999999999,0.6582,0.3075714285714286,0.4156000000000001
2023-05-15,SP98,1.9274615384615383,0.4375999999999998,0.0282999999999999,0.6936999999999999,0.3206153846153846,0.4465923076923077
2023-05-22,Gazole,1.6972142857142856,0.4375999999999998,0.0282999999999999,0.5974000000000002,0.2822857142857142,0.3509928571428571
2023-05-22,SP95-E10,1.863,0.4375999999999998,0.0282999999999999,0.6582,0.3101428571428571,0.4283428571428572
2023-05-22,SP98,1.936,0.4375999999999998,0.0282999999999999,0.6936999999999999,0.322076923076923,0.4537615384615385
2023-05-29,Gazole,1.694857142857143,0.4375999999999998,0.0282999999999999,0.5974000000000002,0.2820714285714285,0.3490571428571428
2023-05-29,SP95-E10,1.8695,0.4375999999999998,0.0282999999999999,0.6582,0.3111428571428571,0.4337214285714285
2023-05-29,SP98,1.941153846153846,0.4375999999999998,0.0282999999999999,0.6936999999999999,0.323,0.4580846153846154
2023-06-05,Gazole,1.7044285714285716,0.4330999999999999,0.0417999999999999,0.5974000000000002,0.2835,0.3480857142857142
2023-06-05,SP95-E10,1.8708571428571423,0.4330999999999999,0.0417999999999999,0.6582,0.3113571428571428,0.4259714285714286
2023-06-05,SP98,1.943076923076923,0.4330999999999999,0.0417999999999999,0.6936999999999999,0.3233076923076923,0.4506384615384615
2023-06-12,Gazole,1.7065714285714286,0.4330999999999999,0.0417999999999999,0.5974000000000002,0.2837857142857142,0.3498
2023-06-12,SP95-E10,1.868857142857143,0.4330999999999999,0.0417999999999999,0.6582,0.311,0.4242928571428571
2023-06-12,SP98,1.9416153846153843,0.4330999999999999,0.0417999999999999,0.6936999999999999,0.322923076923077,0.4493461538461538
2023-06-19,Gazole,1.7255714285714288,0.4330999999999999,0.0417999999999999,0.5974000000000002,0.2871428571428571,0.3656785714285714
2023-06-19,SP95-E10,1.8659285714285712,0.4330999999999999,0.0417999999999999,0.6582,0.3105714285714286,0.4217928571428572
2023-06-19,SP98,1.937923076923077,0.4330999999999999,0.0417999999999999,0.6936999999999999,0.3223076923076924,0.446276923076923
2023-06-26,Gazole,1.7069999999999996,0.4330999999999999,0.0417999999999999,0.5974000000000002,0.2837857142857142,0.3502571428571427
2023-06-26,SP95-E10,1.831,0.4330999999999999,0.0417999999999999,0.6582,0.3045,0.3925857142857142
2023-06-26,SP98,1.907230769230769,0.4330999999999999,0.0417999999999999,0.6936999999999999,0.3171538461538462,0.4207307692307691
2023-07-03,Gazole,1.6982857142857146,0.4635999999999998,0.0546999999999999,0.5974000000000002,0.2822142857142857,0.2995428571428571
2023-07-03,SP95-E10,1.820928571428572,0.4635999999999998,0.0546999999999999,0.6582,0.3029285714285715,0.3409428571428571
2023-07-03,SP98,1.896,0.4635999999999998,0.0546999999999999,0.6936999999999999,0.3151538461538462,0.3680307692307693
2023-07-10,Gazole,1.7195,0.4635999999999998,0.0546999999999999,0.5974000000000002,0.286,0.3171428571428571
2023-07-10,SP95-E10,1.833428571428572,0.4635999999999998,0.0546999999999999,0.6582,0.3050714285714285,0.3513571428571428
2023-07-10,SP98,1.9083846153846151,0.4635999999999998,0.0546999999999999,0.6936999999999999,0.3173846153846154,0.3784076923076923
2023-07-17,Gazole,1.7339285714285713,0.4635999999999998,0.0546999999999999,0.5974000000000002,0.2882142857142856,0.3291928571428571
2023-07-17,SP95-E10,1.8514285714285712,0.4635999999999998,0.0546999999999999,0.6582,0.3080714285714285,0.3663999999999999
2023-07-17,SP98,1.9226153846153848,0.4635999999999998,0.0546999999999999,0.6936999999999999,0.3199230769230769,0.3902076923076923
2023-07-24,Gazole,1.764642857142857,0.4635999999999998,0.0546999999999999,0.5974000000000002,0.2933571428571428,0.3549
2023-07-24,SP95-E10,1.885,0.4635999999999998,0.0546999999999999,0.6582,0.3135714285714286,0.3942499999999999
2023-07-24,SP98,1.9465384615384616,0.4635999999999998,0.0546999999999999,0.6936999999999999,0.3240769230769231,0.4101307692307692
2023-07-31,Gazole,1.8260000000000003,0.4635999999999998,0.0546999999999999,0.5974000000000002,0.3038571428571429,0.4059571428571429
2023-07-31,SP95-E10,1.9165000000000003,0.4635999999999998,0.0546999999999999,0.6582,0.3190714285714286,0.4206428571428571
2023-07-31,SP98,1.9763076923076923,0.4635999999999998,0.0546999999999999,0.6936999999999999,0.3288461538461538,0.4350384615384615
2023-08-07,Gazole,1.8626428571428573,0.4985,0.1038,0.5974000000000002,0.3097142857142856,0.3523857142857142
2023-08-07,SP95-E10,1.919857142857143,0.4985,0.1038,0.6582,0.3194285714285714,0.3394071428571429
2023-08-07,SP98,1.9837692307692305,0.4985,0.1038,0.6936999999999999,0.3298461538461538,0.3571461538461538
2023-08-14,Gazole,1.866,0.4985,0.1038,0.5974000000000002,0.3104285714285714,0.3554071428571429
2023-08-14,SP95-E10,1.9293571428571428,0.4985,0.1038,0.6582,0.321,0.3473142857142856
2023-08-14,SP98,1.9913076923076924,0.4985,0.1038,0.6936999999999999,0.3311538461538462,0.3634307692307693
2023-08-21,Gazole,1.8777857142857144,0.4985,0.1038,0.5974000000000002,0.3122857142857142,0.3650714285714286
2023-08-21,SP95-E10,1.9445,0.4985,0.1038,0.6582,0.3235,0.3598785714285714
2023-08-21,SP98,2.009692307692307,0.4985,0.1038,0.6936999999999999,0.334076923076923,0.3786461538461538
2023-08-28,Gazole,1.887857142857143,0.4985,0.1038,0.5974000000000002,0.3142142857142857,0.3735285714285714
2023-08-28,SP95-E10,1.9475714285714285,0.4985,0.1038,0.6582,0.3242857142857143,0.362392857142857
2023-08-28,SP98,2.0099230769230765,0.4985,0.1038,0.6936999999999999,0.3343846153846154,0.3788076923076923
2023-09-04,Gazole,1.9037142857142857,0.5423,0.0923,0.5974000000000002,0.3167142857142856,0.3544857142857143
2023-09-04,SP95-E10,1.9532142857142856,0.5423,0.0923,0.6582,0.3250714285714285,0.3348571428571429
2023-09-04,SP98,2.016384615384616,0.5423,0.0923,0.6936999999999999,0.3351538461538462,0.3520384615384616
2023-09-11,Gazole,1.9407142857142856,0.5423,0.0923,0.5974000000000002,0.3228571428571429,0.3852357142857143
2023-09-11,SP95-E10,1.958071428571429,0.5423,0.0923,0.6582,0.3257857142857143,0.3389571428571427
2023-09-11,SP98,2.021384615384616,0.5423,0.0923,0.6936999999999999,0.3361538461538461,0.3563153846153845
2023-09-18,Gazole,1.9588571428571429,0.5423,0.0923,0.5974000000000002,0.3257142857142857,0.4004285714285714
2023-09-18,SP95-E10,1.9605,0.5423,0.0923,0.6582,0.3262142857142857,0.3410357142857143
2023-09-18,SP98,2.023692307692308,0.5423,0.0923,0.6936999999999999,0.3365384615384615,0.3582307692307692
2023-09-25,Gazole,1.9435,0.5423,0.0923,0.5974000000000002,0.323,0.3876
2023-09-25,SP95-E10,1.9400714285714284,0.5423,0.0923,0.6582,0.3225714285714285,0.3239285714285714
2023-09-25,SP98,2.0044615384615385,0.5423,0.0923,0.6936999999999999,0.3333846153846154,0.3421
2023-10-02,Gazole,1.926,0.5242000000000002,0.0483,0.5974000000000002,0.3202857142857143,0.4352285714285714
2023-10-02,SP95-E10,1.894642857142857,0.5242000000000002,0.0483,0.6582,0.3152142857142857,0.3480857142857143
2023-10-02,SP98,1.966384615384616,0.5242000000000002,0.0483,0.6936999999999999,0.3271538461538462,0.3724615384615385
2023-10-09,Gazole,1.884,0.5242000000000002,0.0483,0.5974000000000002,0.3132857142857143,0.3999928571428572
2023-10-09,SP95-E10,1.8495714285714289,0.5242000000000002,0.0483,0.6582,0.3076428571428571,0.3105928571428571
2023-10-09,SP98,1.9248461538461537,0.5242000000000002,0.0483,0.6936999999999999,0.3198461538461539,0.3378538461538461
2023-10-16,Gazole,1.9061428571428567,0.5242000000000002,0.0483,0.5974000000000002,0.3170714285714285,0.4184357142857143
2023-10-16,SP95-E10,1.8514285714285712,0.5242000000000002,0.0483,0.6582,0.3080714285714285,0.3120285714285714
2023-10-16,SP98,1.924692307692308,0.5242000000000002,0.0483,0.6936999999999999,0.3202307692307692,0.3377846153846153
2023-10-23,Gazole,1.893285714285714,0.5242000000000002,0.0483,0.5974000000000002,0.3148571428571429,0.4078357142857142
2023-10-23,SP95-E10,1.8577857142857144,0.5242000000000002,0.0483,0.6582,0.3091428571428571,0.3174571428571429
2023-10-23,SP98,1.9263076923076925,0.5242000000000002,0.0483,0.6936999999999999,0.3203846153846154,0.3391230769230769
2023-10-30,Gazole,1.8714285714285712,0.5242000000000002,0.0483,0.5974000000000002,0.3112857142857142,0.3897214285714286
2023-10-30,SP95-E10,1.854214285714286,0.5242000000000002,0.0483,0.6582,0.3085,0.3146071428571429
2023-10-30,SP98,1.924769230769231,0.5242000000000002,0.0483,0.6936999999999999,0.3200769230769231,0.3379615384615384
2023-11-06,Gazole,1.8532857142857144,0.4798999999999998,0.0583,0.5974000000000002,0.3082142857142856,0.4087714285714286
2023-11-06,SP95-E10,1.8487142857142853,0.4798999999999998,0.0583,0.6582,0.3074285714285714,0.3442214285714285
2023-11-06,SP98,1.915692307692308,0.4798999999999998,0.0583,0.6936999999999999,0.3188461538461539,0.3644615384615385
2023-11-13,Gazole,1.8277857142857148,0.4798999999999998,0.0583,0.5974000000000002,0.3041428571428571,0.3875714285714284
2023-11-13,SP95-E10,1.841428571428572,0.4798999999999998,0.0583,0.6582,0.3067857142857143,0.3381714285714285
2023-11-13,SP98,1.9125384615384613,0.4798999999999998,0.0583,0.6936999999999999,0.3183846153846153,0.3619076923076924
2023-11-20,Gazole,1.8104285714285715,0.4798999999999998,0.0583,0.5974000000000002,0.3012142857142857,0.3730571428571428
2023-11-20,SP95-E10,1.8124285714285715,0.4798999999999998,0.0583,0.6582,0.3017857142857143,0.31395
2023-11-20,SP98,1.8846153846153848,0.4798999999999998,0.0583,0.6936999999999999,0.3138461538461538,0.3386461538461539
2023-11-27,Gazole,1.8112857142857144,0.4798999999999998,0.0583,0.5974000000000002,0.3012857142857142,0.3738357142857142
2023-11-27,SP95-E10,1.811928571428572,0.4798999999999998,0.0583,0.6582,0.3014285714285715,0.3134357142857143
2023-11-27,SP98,1.8836153846153845,0.4798999999999998,0.0583,0.6936999999999999,0.3135384615384616,0.3377307692307693
2023-12-04,Gazole,1.7835714285714286,0.4492000000000001,0.0575,0.5974000000000002,0.2966428571428571,0.3822000000000001
2023-12-04,SP95-E10,1.7997142857142858,0.4492000000000001,0.0575,0.6582,0.2997142857142857,0.3348357142857142
2023-12-04,SP98,1.8710769230769229,0.4492,0.0575,0.6936999999999999,0.3115384615384615,0.3588230769230769
2023-12-11,Gazole,1.7654999999999998,0.4492000000000001,0.0575,0.5974000000000002,0.2937857142857142,0.3671285714285715
2023-12-11,SP95-E10,1.7897857142857143,0.4492000000000001,0.0575,0.6582,0.2980714285714286,0.3266357142857143
2023-12-11,SP98,1.8643076923076929,0.4492,0.0575,0.6936999999999999,0.3103076923076923,0.3531999999999999
2023-12-18,Gazole,1.7650714285714286,0.4492000000000001,0.0575,0.5974000000000002,0.2937142857142857,0.3667500000000001
2023-12-18,SP95-E10,1.7883571428571432,0.4492000000000001,0.0575,0.6582,0.2976428571428571,0.3255142857142857
2023-12-18,SP98,1.8615384615384616,0.4492,0.0575,0.6936999999999999,0.3097692307692308,0.3507615384615384
2023-12-25,Gazole,1.7724285714285712,0.4492000000000001,0.0575,0.5974000000000002,0.2949285714285713,0.3728785714285714
2023-12-25,SP95-E10,1.7966428571428572,0.4492000000000001,0.0575,0.6582,0.2989285714285714,0.3322499999999999
2023-12-25,SP98,1.871384615384616,0.4492,0.0575,0.6936999999999999,0.3113846153846153,0.3591615384615384
2024-01-01,Gazole,1.754,0.4658999999999998,0.0382,0.5974000000000002,0.2919285714285713,0.3602071428571428
2024-01-01,SP95-E10,1.791142857142857,0.4658999999999998,0.0382,0.6582,0.2982857142857143,0.3303142857142857
2024-01-01,SP98,1.8724615384615384,0.4658999999999998,0.0382,0.6936999999999999,0.3119230769230769,0.3625615384615385
2024-01-08,Gazole,1.7526428571428567,0.4658999999999998,0.0382,0.5974000000000002,0.2916428571428571,0.3589428571428571
2024-01-08,SP95-E10,1.7918571428571433,0.4658999999999998,0.0382,0.6582,0.2982857142857143,0.331
2024-01-08,SP98,1.874,0.4658999999999998,0.0382,0.6936999999999999,0.3120769230769231,0.3637923076923077
2024-01-15,Gazole,1.7642857142857145,0.4658999999999998,0.0382,0.5974000000000002,0.2935714285714286,0.3687642857142857
2024-01-15,SP95-E10,1.7987142857142857,0.4658999999999998,0.0382,0.6582,0.2993571428571427,0.3365214285714286
2024-01-15,SP98,1.8812307692307693,0.4658999999999998,0.0382,0.6936999999999999,0.3133846153846154,0.3700153846153846
2024-01-22,Gazole,1.780642857142857,0.4658999999999998,0.0382,0.5974000000000002,0.2965,0.3825142857142857
2024-01-22,SP95-E10,1.812285714285714,0.4658999999999998,0.0382,0.6582,0.3018571428571429,0.3480214285714286
2024-01-22,SP98,1.892692307692308,0.4658999999999998,0.0382,0.6936999999999999,0.3153076923076923,0.3793846153846153
2024-01-29,Gazole,1.8091428571428567,0.4658999999999998,0.0382,0.5974000000000002,0.3011428571428571,0.4062142857142857
2024-01-29,SP95-E10,1.8277142857142856,0.4658999999999998,0.0382,0.6582,0.3043571428571429,0.3608071428571428
2024-01-29,SP98,1.904153846153846,0.4658999999999998,0.0382,0.6936999999999999,0.3170769230769231,0.3888615384615385
2024-02-05,Gazole,1.8245714285714285,0.4831,0.0701,0.5974000000000002,0.3037142857142857,0.3698428571428572
2024-02-05,SP95-E10,1.8357142857142856,0.4831,0.0701,0.6582,0.3057857142857142,0.3184428571428572
2024-02-05,SP98,1.916384615384616,0.4831,0.0701,0.6936999999999999,0.3191538461538462,0.3500538461538461
2024-02-12,Gazole,1.8504285714285715,0.4831,0.0701,0.5974000000000002,0.3081428571428571,0.3915142857142856
2024-02-12,SP95-E10,1.8535714285714284,0.4831,0.0701,0.6582,0.3087142857142858,0.3331571428571429
2024-02-12,SP98,1.9260000000000004,0.4831,0.0701,0.6936999999999999,0.321,0.3580923076923077
2024-02-19,Gazole,1.8420714285714284,0.4831,0.0701,0.5974000000000002,0.3067142857142858,0.3844928571428571
2024-02-19,SP95-E10,1.856357142857144,0.4831,0.0701,0.6582,0.3093571428571428,0.3355071428571428
2024-02-19,SP98,1.932,0.4831,0.0701,0.6936999999999999,0.322,0.3631461538461539
2024-02-26,Gazole,1.8266428571428568,0.4831,0.0701,0.5974000000000002,0.304,0.3715785714285713
2024-02-26,SP95-E10,1.8595714285714284,0.4831,0.0701,0.6582,0.3096428571428572,0.3381285714285714
2024-02-26,SP98,1.9363846153846151,0.4831,0.0701,0.6936999999999999,0.3223846153846154,0.3667384615384615
2024-03-04,Gazole,1.8117857142857143,0.4942000000000001,0.0637999999999999,0.5974000000000002,0.3017142857142857,0.3544142857142857
2024-03-04,SP95-E10,1.866142857142857,0.4942000000000001,0.0637999999999999,0.6582,0.3108571428571429,0.3388642857142857
2024-03-04,SP98,1.939923076923077,0.4942000000000001,0.0637999999999999,0.6936999999999999,0.3230769230769231,0.3650153846153846
2024-03-11,Gazole,1.8036428571428569,0.4942000000000001,0.0637999999999999,0.5974000000000002,0.3004285714285714,0.3477714285714285
2024-03-11,SP95-E10,1.8635,0.4942000000000001,0.0637999999999999,0.6582,0.3103571428571428,0.3368285714285714
2024-03-11,SP98,1.9401538461538463,0.4942000000000001,0.0637999999999999,0.6936999999999999,0.3232307692307692,0.365276923076923
2024-03-18,Gazole,1.810357142857143,0.4942000000000001,0.0637999999999999,0.5974000000000002,0.3013571428571428,0.3533142857142857
2024-03-18,SP95-E10,1.8800000000000003,0.4942000000000001,0.0637999999999999,0.6582,0.3132142857142857,0.3504357142857143
2024-03-18,SP98,1.9522307692307688,0.4942000000000001,0.0637999999999999,0.6936999999999999,0.3254615384615384,0.3751461538461538
2024-03-25,Gazole,1.7951428571428572,0.4942000000000001,0.0637999999999999,0.5974000000000002,0.2988571428571429,0.3405999999999999
2024-03-25,SP95-E10,1.8891428571428568,0.4942000000000001,0.0637999999999999,0.6582,0.3144999999999999,0.3581642857142856
2024-03-25,SP98,1.9614615384615384,0.4942000000000001,0.0637999999999999,0.6936999999999999,0.3267692307692308,0.3828999999999999
2024-04-01,Gazole,1.81,0.5204000000000002,0.0367,0.5974000000000002,0.3012857142857142,0.3539142857142856
2024-04-01,SP95-E10,1.911428571428572,0.5204000000000002,0.0367,0.6582,0.3183571428571429,0.3775499999999999
2024-04-01,SP98,1.9814615384615384,0.5204000000000002,0.0367,0.6936999999999999,0.329923076923077,0.4003692307692308
2024-04-08,Gazole,1.8192857142857144,0.5204000000000002,0.0367,0.5974000000000002,0.3029285714285714,0.3615214285714286
2024-04-08,SP95-E10,1.921714285714286,0.5204000000000002,0.0367,0.6582,0.3202857142857143,0.38625
2024-04-08,SP98,1.9932307692307687,0.5204000000000002,0.0367,0.6936999999999999,0.3322307692307692,0.4101538461538462
2024-04-15,Gazole,1.8002857142857145,0.5204000000000002,0.0367,0.5974000000000002,0.2995,0.3456857142857142
2024-04-15,SP95-E10,1.924357142857143,0.5204000000000002,0.0367,0.6582,0.3207142857142857,0.3882785714285713
2024-04-15,SP98,2.0,0.5204000000000002,0.0367,0.6936999999999999,0.3331538461538462,0.4157846153846154
2024-04-22,Gazole,1.7795,0.5204000000000002,0.0367,0.5974000000000002,0.2962142857142856,0.3283928571428571
2024-04-22,SP95-E10,1.9233571428571428,0.5204000000000002,0.0367,0.6582,0.3202142857142857,0.3875642857142857
2024-04-22,SP98,2.002076923076923,0.5204000000000002,0.0367,0.6936999999999999,0.3335384615384615,0.4176461538461539
2024-04-29,Gazole,1.7693571428571426,0.5204000000000002,0.0367,0.5974000000000002,0.2947857142857142,0.3199142857142857
2024-04-29,SP95-E10,1.9219285714285712,0.5204000000000002,0.0367,0.6582,0.3202857142857143,0.3861857142857143
2024-04-29,SP98,2.000923076923077,0.5204000000000002,0.0367,0.6936999999999999,0.3334615384615385,0.4167
2024-05-06,Gazole,1.7479285714285715,0.4729999999999999,0.0423,0.5974000000000002,0.2909285714285713,0.3438285714285714
2024-05-06,SP95-E10,1.902428571428572,0.4729999999999999,0.0423,0.6582,0.3169285714285714,0.4118857142857143
2024-05-06,SP98,1.9842307692307688,0.4729999999999999,0.0423,0.6936999999999999,0.3305384615384615,0.4445230769230769
2024-05-13,Gazole,1.7344285714285714,0.4729999999999999,0.0423,0.5974000000000002,0.289,0.3325428571428571
2024-05-13,SP95-E10,1.8835714285714285,0.4729999999999999,0.0423,0.6582,0.314,0.3960928571428571
2024-05-13,SP98,1.964538461538461,0.4729999999999999,0.0423,0.6936999999999999,0.3273846153846154,0.4282461538461539
2024-05-20,Gazole,1.7286428571428571,0.4729999999999999,0.0423,0.5974000000000002,0.2875714285714285,0.3278857142857143
2024-05-20,SP95-E10,1.8702142857142856,0.4729999999999999,0.0423,0.6582,0.3115714285714285,0.38505
2024-05-20,SP98,1.9528461538461537,0.4729999999999999,0.0423,0.6936999999999999,0.3256923076923076,0.4183307692307692
2024-05-27,Gazole,1.721714285714286,0.4729999999999999,0.0423,0.5974000000000002,0.2867857142857142,0.3220285714285714
2024-05-27,SP95-E10,1.8600000000000003,0.4729999999999999,0.0423,0.6582,0.3100714285714285,0.3765285714285714
2024-05-27,SP98,1.9450769230769231,0.4729999999999999,0.0423,0.6936999999999999,0.3244615384615384,0.4119846153846155
2024-06-03,Gazole,1.7038571428571427,0.4759000000000001,0.0351,0.5974000000000002,0.2839285714285715,0.3114785714285714
2024-06-03,SP95-E10,1.8375,0.4759000000000001,0.0351,0.6582,0.3061428571428571,0.3620142857142857
2024-06-03,SP98,1.9265384615384613,0.4759000000000001,0.0351,0.6936999999999999,0.3213076923076923,0.4007076923076923
2024-06-10,Gazole,1.7048571428571428,0.4759000000000001,0.0351,0.5974000000000002,0.284,0.3122928571428571
2024-06-10,SP95-E10,1.8271428571428567,0.4759000000000001,0.0351,0.6582,0.3045,0.3533714285714286
2024-06-10,SP98,1.9176153846153847,0.4759000000000001,0.0351,0.6936999999999999,0.3196923076923077,0.3933461538461538
2024-06-17,Gazole,1.731642857142857,0.4759000000000001,0.0351,0.5974000000000002,0.2885714285714286,0.3346428571428572
2024-06-17,SP95-E10,1.8324285714285715,0.4759000000000001,0.0351,0.6582,0.3055,0.3577214285714286
2024-06-17,SP98,1.9223076923076925,0.4759000000000001,0.0351,0.6936999999999999,0.3206153846153846,0.3971692307692308
2024-06-24,Gazole,1.7524999999999995,0.4759000000000001,0.0351,0.5974000000000002,0.2919285714285714,0.3520357142857143
2024-06-24,SP95-E10,1.8421428571428573,0.4759000000000001,0.0351,0.6582,0.3070714285714285,0.3658714285714287
2024-06-24,SP98,1.931846153846154,0.4759000000000001,0.0351,0.6936999999999999,0.3221538461538461,0.4051538461538462
2024-07-01,Gazole,1.7507142857142857,0.4927000000000001,0.0302,0.5974000000000002,0.2918571428571428,0.3386071428571428
2024-07-01,SP95-E10,1.8377142857142856,0.4927000000000001,0.0302,0.6582,0.3064999999999999,0.3502857142857142
2024-07-01,SP98,1.925692307692308,0.4927000000000001,0.0302,0.6936999999999999,0.3213076923076923,0.3881230769230769
2024-07-08,Gazole,1.7544285714285712,0.4927000000000001,0.0302,0.5974000000000002,0.2921428571428571,0.3417214285714284
2024-07-08,SP95-E10,1.846642857142857,0.4927000000000001,0.0302,0.6582,0.3077857142857142,0.3577928571428571
2024-07-08,SP98,1.9339230769230769,0.4927000000000001,0.0302,0.6936999999999999,0.3226153846153846,0.3950461538461539
2024-07-15,Gazole,1.7332857142857148,0.4927000000000001,0.0302,0.5974000000000002,0.2889285714285714,0.3241
2024-07-15,SP95-E10,1.8292857142857144,0.4927000000000001,0.0302,0.6582,0.3050714285714285,0.3432928571428572
2024-07-15,SP98,1.920692307692308,0.4927000000000001,0.0302,0.6936999999999999,0.3202307692307692,0.3839076923076922
2024-07-22,Gazole,1.7124285714285714,0.4927000000000001,0.0302,0.5974000000000002,0.2855,0.3066357142857143
2024-07-22,SP95-E10,1.8166428571428568,0.4927000000000001,0.0302,0.6582,0.3029999999999999,0.3327142857142857
2024-07-22,SP98,1.9034615384615383,0.4927000000000001,0.0302,0.6936999999999999,0.3176923076923076,0.3695692307692307
2024-07-29,Gazole,1.6986428571428571,0.4927000000000001,0.0302,0.5974000000000002,0.283,0.2951428571428571
2024-07-29,SP95-E10,1.806285714285714,0.4927000000000001,0.0302,0.6582,0.3011428571428571,0.3241928571428571
2024-07-29,SP98,1.8958461538461533,0.4927000000000001,0.0302,0.6936999999999999,0.3162307692307692,0.3633076923076923
2024-08-05,Gazole,1.6862142857142857,0.4649999999999999,0.0213999999999999,0.5974000000000002,0.2810714285714286,0.3212928571428572
2024-08-05,SP95-E10,1.8007142857142855,0.4649999999999999,0.0213999999999999,0.6582,0.3001428571428571,0.3560071428571429
2024-08-05,SP98,1.889692307692308,0.4649999999999999,0.0213999999999999,0.6936999999999999,0.3153076923076922,0.394523076923077
2024-08-12,Gazole,1.6787857142857143,0.4649999999999999,0.0213999999999999,0.5974000000000002,0.2796428571428572,0.3152285714285713
2024-08-12,SP95-E10,1.792,0.4649999999999999,0.0213999999999999,0.6582,0.2985714285714285,0.3486428571428571
2024-08-12,SP98,1.8836153846153847,0.4649999999999999,0.0213999999999999,0.6936999999999999,0.3142307692307692,0.3896307692307692
2024-08-19,Gazole,1.6625714285714288,0.4649999999999999,0.0213999999999999,0.5974000000000002,0.2770714285714286,0.3016142857142858
2024-08-19,SP95-E10,1.7775,0.4649999999999999,0.0213999999999999,0.6582,0.2965,0.3367214285714285
2024-08-19,SP98,1.8703846153846155,0.4649999999999999,0.0213999999999999,0.6936999999999999,0.312,0.3785769230769231
2024-08-26,Gazole,1.6403571428571428,0.4649999999999999,0.0213999999999999,0.5974000000000002,0.2735714285714286,0.2832214285714285
2024-08-26,SP95-E10,1.7494999999999998,0.4649999999999999,0.0213999999999999,0.6582,0.2917142857142857,0.3133642857142858
2024-08-26,SP98,1.840153846153846,0.4649999999999999,0.0213999999999999,0.6936999999999999,0.3070769230769231,0.3533
2024-09-02,Gazole,1.639357142857143,0.4283,0.0226,0.5974000000000002,0.2731428571428571,0.3177499999999999
2024-09-02,SP95-E10,1.7359285714285717,0.4283,0.0226,0.6582,0.2893571428571428,0.3373714285714286
2024-09-02,SP98,1.828846153846154,0.4283,0.0226,0.6936999999999999,0.3051538461538461,0.3794461538461538
2024-09-09,Gazole,1.6194285714285714,0.4283,0.0226,0.5974000000000002,0.2700714285714286,0.3011285714285714
2024-09-09,SP95-E10,1.7092142857142856,0.4283,0.0226,0.6582,0.2852142857142857,0.3153142857142857
2024-09-09,SP98,1.8025384615384608,0.4283,0.0226,0.6936999999999999,0.3007692307692308,0.3573923076923077
2024-09-16,Gazole,1.6117857142857144,0.4283,0.0226,0.5974000000000002,0.2685,0.2947785714285714
2024-09-16,SP95-E10,1.7062857142857142,0.4283,0.0226,0.6582,0.2845,0.3127999999999999
2024-09-16,SP98,1.797846153846154,0.4283,0.0226,0.6936999999999999,0.3,0.3534461538461538
2024-09-23,Gazole,1.6157142857142854,0.4283,0.0226,0.5974000000000002,0.2692142857142857,0.2981285714285714
2024-09-23,SP95-E10,1.7112857142857147,0.4283,0.0226,0.6582,0.2854285714285714,0.3170071428571429
2024-09-23,SP98,1.802692307692308,0.4283,0.0226,0.6936999999999999,0.3008461538461539,0.3577923076923076
2024-09-30,Gazole,1.6185714285714283,0.4283,0.0226,0.5974000000000002,0.2697857142857143,0.3004642857142857
2024-09-30,SP95-E10,1.7140714285714285,0.4283,0.0226,0.6582,0.2858571428571428,0.3193928571428572
2024-09-30,SP98,1.808615384615385,0.4283,0.0226,0.6936999999999999,0.3019230769230769,0.3626923076923077
2024-10-07,Gazole,1.6472142857142855,0.4376999999999999,0.0262999999999999,0.5974000000000002,0.2747857142857143,0.3112071428571429
2024-10-07,SP95-E10,1.7354999999999998,0.4376999999999999,0.0262999999999999,0.6582,0.2894285714285715,0.3240428571428571
2024-10-07,SP98,1.827230769230769,0.4376999999999999,0.0262999999999999,0.6936999999999999,0.3050769230769231,0.3649153846153846
2024-10-14,Gazole,1.6517857142857142,0.4376999999999999,0.0262999999999999,0.5974000000000002,0.2752857142857143,0.3150857142857143
2024-10-14,SP95-E10,1.7497857142857145,0.4376999999999999,0.0262999999999999,0.6582,0.2918571428571428,0.3358642857142856
2024-10-14,SP98,1.841692307692308,0.4376999999999999,0.0262999999999999,0.6936999999999999,0.3074615384615384,0.3770923076923076
2024-10-21,Gazole,1.6328571428571428,0.4376999999999999,0.0262999999999999,0.5974000000000002,0.2722142857142857,0.2992857142857142
2024-10-21,SP95-E10,1.7395714285714288,0.4376999999999999,0.0262999999999999,0.6582,0.2902857142857143,0.3274285714285714
2024-10-21,SP98,1.8332307692307688,0.4376999999999999,0.0262999999999999,0.6936999999999999,0.306,0.3698692307692307
2024-10-28,Gazole,1.6310714285714287,0.4376999999999999,0.0262999999999999,0.5974000000000002,0.2719285714285714,0.2979285714285714
2024-10-28,SP95-E10,1.7360714285714287,0.4376999999999999,0.0262999999999999,0.6582,0.2894285714285714,0.32455
2024-10-28,SP98,1.829076923076923,0.4376999999999999,0.0262999999999999,0.6936999999999999,0.3053076923076923,0.3665846153846154
2024-11-04,Gazole,1.6399285714285714,0.4302000000000001,0.0281,0.5974000000000002,0.2735,0.3108928571428571
2024-11-04,SP95-E10,1.7319285714285717,0.4302000000000001,0.0281,0.6582,0.2887857142857142,0.3267928571428571
2024-11-04,SP98,1.8244615384615388,0.4302000000000001,0.0281,0.6936999999999999,0.3043846153846153,0.368523076923077
2024-11-11,Gazole,1.6568571428571428,0.4302000000000001,0.0281,0.5974000000000002,0.2763571428571428,0.325
2024-11-11,SP95-E10,1.7388571428571429,0.4302000000000001,0.0281,0.6582,0.2900714285714285,0.3325071428571428
2024-11-11,SP98,1.835692307692308,0.4302000000000001,0.0281,0.6936999999999999,0.3066153846153846,0.3776692307692307
2024-11-18,Gazole,1.6698571428571427,0.4302000000000001,0.0281,0.5974000000000002,0.2784285714285714,0.3359
2024-11-18,SP95-E10,1.7424999999999995,0.4302000000000001,0.0281,0.6582,0.2907857142857142,0.3354499999999999
2024-11-18,SP98,1.8395384615384616,0.4302000000000001,0.0281,0.6936999999999999,0.3071538461538461,0.3808615384615385
2024-11-25,Gazole,1.6822857142857142,0.4302000000000001,0.0281,0.5974000000000002,0.2807142857142858,0.3463642857142858
2024-11-25,SP95-E10,1.7492142857142856,0.4302000000000001,0.0281,0.6582,0.2917857142857142,0.3411142857142857
2024-11-25,SP98,1.8422307692307696,0.4302000000000001,0.0281,0.6936999999999999,0.3075384615384615,0.3832615384615385
2024-12-02,Gazole,1.6753571428571423,0.4271,0.027,0.5974000000000002,0.2795,0.3446142857142856
2024-12-02,SP95-E10,1.7410714285714288,0.4271,0.027,0.6582,0.2902857142857143,0.3385642857142857
2024-12-02,SP98,1.8359230769230768,0.4271,0.027,0.6936999999999999,0.3062307692307692,0.3821076923076922
2024-12-09,Gazole,1.669142857142857,0.4271,0.027,0.5974000000000002,0.2780714285714286,0.3394357142857142
2024-12-09,SP95-E10,1.7427142857142857,0.4271,0.027,0.6582,0.2904999999999999,0.3400071428571429
2024-12-09,SP98,1.8369230769230769,0.4271,0.027,0.6936999999999999,0.3063076923076923,0.3828999999999999
2024-12-16,Gazole,1.6725,0.4271,0.027,0.5974000000000002,0.2788571428571428,0.3423
2024-12-16,SP95-E10,1.7458571428571426,0.4271,0.027,0.6582,0.2910714285714285,0.3426285714285715
2024-12-16,SP98,1.837307692307692,0.4271,0.027,0.6936999999999999,0.3066923076923077,0.3831692307692308
2024-12-23,Gazole,1.6854285714285713,0.4271,0.027,0.5974000000000002,0.2809285714285714,0.3530999999999999
2024-12-23,SP95-E10,1.7577142857142858,0.4271,0.027,0.6582,0.2930714285714286,0.3522714285714285
2024-12-23,SP98,1.8516153846153844,0.4271,0.027,0.6936999999999999,0.3089230769230769,0.3951692307692306
2024-12-30,Gazole,1.698,0.4271,0.027,0.5974000000000002,0.283,0.3635357142857142
2024-12-30,SP95-E10,1.7693571428571429,0.4271,0.027,0.6582,0.2949285714285713,0.3620642857142856
2024-12-30,SP98,1.8633846153846152,0.4271,0.027,0.6936999999999999,0.3109999999999999,0.4050153846153846
2025-01-06,Gazole,1.7136428571428568,0.3999,0.0493,0.5974000000000002,0.2855714285714285,0.38145
2025-01-06,SP95-E10,1.7848571428571431,0.3999,0.0493,0.6582,0.2975714285714286,0.3800785714285714
2025-01-06,SP98,1.8761538461538465,0.3999,0.0493,0.6936999999999999,0.3131538461538462,0.4205076923076923
2025-01-13,Gazole,1.7425,0.3999,0.0493,0.5974000000000002,0.2904285714285714,0.4054071428571428
2025-01-13,SP95-E10,1.7995,0.3999,0.0493,0.6582,0.2998571428571429,0.3922357142857143
2025-01-13,SP98,1.887692307692308,0.3999,0.0493,0.6936999999999999,0.3149230769230768,0.4302307692307692
2025-01-20,Gazole,1.760642857142857,0.3999,0.0493,0.5974000000000002,0.2935,0.4205785714285714
2025-01-20,SP95-E10,1.8100714285714283,0.3999,0.0493,0.6582,0.3013571428571428,0.4008857142857143
2025-01-20,SP98,1.9007692307692308,0.3999,0.0493,0.6936999999999999,0.3171538461538462,0.4411384615384616
2025-01-27,Gazole,1.735428571428571,0.3999,0.0493,0.5974000000000002,0.2889285714285714,0.3994857142857143
2025-01-27,SP95-E10,1.7965714285714285,0.3999,0.0493,0.6582,0.2993571428571428,0.3898214285714286
2025-01-27,SP98,1.890076923076924,0.3999,0.0493,0.6936999999999999,0.3151538461538461,0.4320538461538461
2025-02-03,Gazole,1.7287142857142856,0.4364999999999999,0.0471,0.5974000000000002,0.2880714285714285,0.3596571428571429
2025-02-03,SP95-E10,1.7946428571428577,0.4364999999999999,0.0471,0.6582,0.2991428571428571,0.3538142857142857
2025-02-03,SP98,1.8867692307692303,0.4364999999999999,0.0471,0.6936999999999999,0.315,0.3949923076923076
2025-02-10,Gazole,1.732642857142857,0.4364999999999999,0.0471,0.5974000000000002,0.2887857142857143,0.3627642857142857
2025-02-10,SP95-E10,1.7987142857142857,0.4364999999999999,0.0471,0.6582,0.2998571428571428,0.3571
2025-02-10,SP98,1.8910769230769229,0.4364999999999999,0.0471,0.6936999999999999,0.3156153846153846,0.3986384615384615
2025-02-17,Gazole,1.7207142857142856,0.4364999999999999,0.0471,0.5974000000000002,0.2867142857142856,0.35295
2025-02-17,SP95-E10,1.7781428571428572,0.4364999999999999,0.0471,0.6582,0.2964285714285714,0.3400357142857143
2025-02-17,SP98,1.871,0.4364999999999999,0.0471,0.6936999999999999,0.3123846153846153,0.3819153846153846
2025-02-24,Gazole,1.7224999999999997,0.4364999999999999,0.0471,0.5974000000000002,0.287,0.3543071428571429
2025-02-24,SP95-E10,1.7739999999999998,0.4364999999999999,0.0471,0.6582,0.2955714285714285,0.3365928571428572
2025-02-24,SP98,1.8666153846153848,0.4364999999999999,0.0471,0.6936999999999999,0.3115384615384614,0.3782384615384615
2025-03-03,Gazole,1.696071428571429,0.4208999999999999,0.0277,0.5974000000000002,0.2825714285714286,0.3673785714285714
2025-03-03,SP95-E10,1.7477142857142858,0.4208999999999999,0.0277,0.6582,0.2912142857142856,0.3495571428571429
2025-03-03,SP98,1.841,0.4208999999999999,0.0277,0.6936999999999999,0.3073076923076923,0.3918923076923077
2025-03-10,Gazole,1.6665000000000003,0.4208999999999999,0.0277,0.5974000000000002,0.2775714285714286,0.3426285714285715
2025-03-10,SP95-E10,1.7157857142857142,0.4208999999999999,0.0277,0.6582,0.2857857142857143,0.3230499999999999
2025-03-10,SP98,1.808307692307692,0.4208999999999999,0.0277,0.6936999999999999,0.3017692307692308,0.3645307692307691
2025-03-17,Gazole,1.6547857142857143,0.4208999999999999,0.0277,0.5974000000000002,0.2756428571428571,0.3330214285714286
2025-03-17,SP95-E10,1.7202142857142857,0.4208999999999999,0.0277,0.6582,0.2867857142857142,0.3266785714285714
2025-03-17,SP98,1.812769230769231,0.4208999999999999,0.0277,0.6936999999999999,0.3027692307692308,0.3682461538461538
2025-03-24,Gazole,1.6578571428571427,0.4208999999999999,0.0277,0.5974000000000002,0.2763571428571428,0.3355285714285713
2025-03-24,SP95-E10,1.7378571428571428,0.4208999999999999,0.0277,0.6582,0.2896428571428571,0.3412857142857143
2025-03-24,SP98,1.828,0.4208999999999999,0.0277,0.6936999999999999,0.3052307692307692,0.3810230769230769
2025-03-31,Gazole,1.6607142857142858,0.4208999999999999,0.0277,0.5974000000000002,0.2767142857142857,0.3379
2025-03-31,SP95-E10,1.7556428571428575,0.4208999999999999,0.0277,0.6582,0.2926428571428571,0.3562428571428571
2025-03-31,SP98,1.8455384615384616,0.4208999999999999,0.0277,0.6936999999999999,0.3080769230769231,0.3957461538461538
2025-04-07,Gazole,1.6123571428571428,0.3943,0.0252999999999999,0.5974000000000002,0.2684285714285713,0.3266714285714286
2025-04-07,SP95-E10,1.7186428571428571,0.3943,0.0252999999999999,0.6582,0.2863571428571428,0.3543285714285715
2025-04-07,SP98,1.8109230769230769,0.3943,0.0252999999999999,0.6936999999999999,0.3019230769230768,0.3957923076923076
2025-04-14,Gazole,1.5700714285714288,0.3943,0.0252999999999999,0.5974000000000002,0.2612857142857143,0.2913357142857142
2025-04-14,SP95-E10,1.6746428571428569,0.3943,0.0252999999999999,0.6582,0.279,0.3177071428571429
2025-04-14,SP98,1.766076923076923,0.3943,0.0252999999999999,0.6936999999999999,0.2945384615384615,0.3583923076923077
2025-04-21,Gazole,1.581357142857143,0.3943,0.0252999999999999,0.5974000000000002,0.2636428571428572,0.3008357142857142
2025-04-21,SP95-E10,1.686857142857143,0.3943,0.0252999999999999,0.6582,0.2813571428571429,0.3279714285714285
2025-04-21,SP98,1.7797692307692308,0.3943,0.0252999999999999,0.6936999999999999,0.297076923076923,0.3697461538461538
2025-04-28,Gazole,1.5852142857142857,0.3943,0.0252999999999999,0.5974000000000002,0.2641428571428571,0.3041285714285714
2025-04-28,SP95-E10,1.692142857142857,0.3943,0.0252999999999999,0.6582,0.2819285714285714,0.3323285714285715
2025-04-28,SP98,1.7856923076923077,0.3943,0.0252999999999999,0.6936999999999999,0.2979230769230769,0.3748846153846153
2025-05-05,Gazole,1.5680714285714286,0.3730000000000001,0.0443,0.5974000000000002,0.2611428571428572,0.2919785714285714
2025-05-05,SP95-E10,1.679285714285714,0.3730000000000001,0.0443,0.6582,0.2797142857142857,0.3238214285714286
2025-05-05,SP98,1.772307692307692,0.3730000000000001,0.0443,0.6936999999999999,0.2956923076923077,0.3659692307692307
2025-05-12,Gazole,1.5794285714285714,0.3730000000000001,0.0443,0.5974000000000002,0.2632142857142857,0.3014857142857142
2025-05-12,SP95-E10,1.6952142857142856,0.3730000000000001,0.0443,0.6582,0.2825714285714285,0.3372857142857142
2025-05-12,SP98,1.7864615384615383,0.3730000000000001,0.0443,0.6936999999999999,0.298076923076923,0.3776769230769231
2025-05-19,Gazole,1.587357142857143,0.3730000000000001,0.0443,0.5974000000000002,0.2645714285714285,0.3080857142857143
2025-05-19,SP95-E10,1.7024285714285712,0.3730000000000001,0.0443,0.6582,0.2836428571428571,0.3433357142857143
2025-05-19,SP98,1.795923076923077,0.3730000000000001,0.0443,0.6936999999999999,0.2998461538461538,0.3855538461538461
2025-05-26,Gazole,1.5790714285714285,0.3730000000000001,0.0443,0.5974000000000002,0.2630714285714285,0.3013071428571429
2025-05-26,SP95-E10,1.6978571428571427,0.3730000000000001,0.0443,0.6582,0.2827857142857143,0.3394357142857142
2025-05-26,SP98,1.793153846153846,0.3730000000000001,0.0443,0.6936999999999999,0.2993076923076923,0.383323076923077
2025-06-02,Gazole,1.579214285714286,0.4128999999999999,0.0394999999999999,0.5974000000000002,0.263,0.2661928571428572
2025-06-02,SP95-E10,1.6962142857142857,0.4128999999999999,0.0394999999999999,0.6582,0.2826428571428571,0.3028714285714286
2025-06-02,SP98,1.7906153846153845,0.4128999999999999,0.0394999999999999,0.6936999999999999,0.2989230769230769,0.3461384615384615
2025-06-09,Gazole,1.5918571428571426,0.4128999999999999,0.0394999999999999,0.5974000000000002,0.2652142857142858,0.2767642857142857
2025-06-09,SP95-E10,1.703642857142857,0.4128999999999999,0.0394999999999999,0.6582,0.2837857142857143,0.3090642857142857
2025-06-09,SP98,1.7973076923076925,0.4128999999999999,0.0394999999999999,0.6936999999999999,0.3,0.3517923076923077
2025-06-16,Gazole,1.643214285714286,0.4128999999999999,0.0394999999999999,0.5974000000000002,0.2740714285714286,0.3195285714285714
2025-06-16,SP95-E10,1.724357142857143,0.4128999999999999,0.0394999999999999,0.6582,0.2875,0.3263642857142858
2025-06-16,SP98,1.812076923076923,0.4128999999999999,0.0394999999999999,0.6936999999999999,0.3024615384615384,0.364
2025-06-23,Gazole,1.6792142857142855,0.4128999999999999,0.0394999999999999,0.5974000000000002,0.2799285714285714,0.3495142857142857
2025-06-23,SP95-E10,1.734,0.4128999999999999,0.0394999999999999,0.6582,0.289,0.3344499999999999
2025-06-23,SP98,1.822692307692308,0.4128999999999999,0.0394999999999999,0.6936999999999999,0.3041538461538461,0.3727461538461538
2025-06-30,Gazole,1.632357142857143,0.4128999999999999,0.0394999999999999,0.5974000000000002,0.2719285714285714,0.3105142857142857
2025-06-30,SP95-E10,1.69,0.4128999999999999,0.0394999999999999,0.6582,0.2813571428571428,0.2977285714285714
2025-06-30,SP98,1.7793076923076927,0.4128999999999999,0.0394999999999999,0.6936999999999999,0.2969230769230769,0.3366846153846153
2025-07-07,Gazole,1.6609285714285715,0.4112,0.0575,0.5974000000000002,0.277,0.3180214285714285
2025-07-07,SP95-E10,1.699642857142857,0.4112,0.0575,0.6582,0.2833571428571428,0.2895642857142856
2025-07-07,SP98,1.788692307692308,0.4112,0.0575,0.6936999999999999,0.299,0.3282615384615384
2025-07-14,Gazole,1.679142857142857,0.4112,0.0575,0.5974000000000002,0.2798571428571428,0.3332642857142857
2025-07-14,SP95-E10,1.7101428571428572,0.4112,0.0575,0.6582,0.2850714285714286,0.2982214285714285
2025-07-14,SP98,1.801692307692308,0.4112,0.0575,0.6936999999999999,0.3007692307692307,0.3390307692307692
2025-07-21,Gazole,1.677,0.4112,0.0575,0.5974000000000002,0.2794999999999999,0.3314499999999999
2025-07-21,SP95-E10,1.7055714285714283,0.4112,0.0575,0.6582,0.2842857142857143,0.2944142857142857
2025-07-21,SP98,1.7973076923076927,0.4112,0.0575,0.6936999999999999,0.3001538461538461,0.3352846153846153
2025-07-28,Gazole,1.6586428571428573,0.4112,0.0575,0.5974000000000002,0.2763571428571428,0.3160285714285714
2025-07-28,SP95-E10,1.6986428571428571,0.4112,0.0575,0.6582,0.2831428571428572,0.2886642857142857
2025-07-28,SP98,1.7868461538461538,0.4112,0.0575,0.6936999999999999,0.2981538461538461,0.3266846153846154
2025-08-04,Gazole,1.648142857142857,0.3926999999999999,0.0512,0.5974000000000002,0.2746428571428571,0.3320857142857142
2025-08-04,SP95-E10,1.709571428571429,0.3926999999999999,0.0512,0.6582,0.2849285714285714,0.32255
2025-08-04,SP98,1.7983076923076926,0.3926999999999999,0.0512,0.6936999999999999,0.3003076923076923,0.3610769230769231
2025-08-11,Gazole,1.6290000000000002,0.3926999999999999,0.0512,0.5974000000000002,0.2713571428571428,0.3161642857142857
2025-08-11,SP95-E10,1.7052857142857143,0.3926999999999999,0.0512,0.6582,0.284,0.3190357142857142
2025-08-11,SP98,1.7962307692307695,0.3926999999999999,0.0512,0.6936999999999999,0.2998461538461539,0.3592307692307692
2025-08-18,Gazole,1.6193571428571432,0.3926999999999999,0.0512,0.5974000000000002,0.2698571428571429,0.3082
2025-08-18,SP95-E10,1.7038571428571427,0.3926999999999999,0.0512,0.6582,0.2838571428571428,0.3177642857142856
2025-08-18,SP98,1.7934615384615389,0.3926999999999999,0.0512,0.6936999999999999,0.2993846153846153,0.3569
2025-08-25,Gazole,1.6219285714285714,0.3926999999999999,0.0512,0.5974000000000002,0.2702142857142857,0.3102928571428571
2025-08-25,SP95-E10,1.701857142857143,0.3926999999999999,0.0512,0.6582,0.2835714285714286,0.3161428571428571
2025-08-25,SP98,1.7922307692307695,0.3926999999999999,0.0512,0.6936999999999999,0.2992307692307693,0.3558692307692307
2025-09-01,Gazole,1.618,0.3934,0.0657999999999999,0.5974000000000002,0.27,0.2917785714285714
2025-09-01,SP95-E10,1.696785714285714,0.3934,0.0657999999999999,0.6582,0.2828571428571428,0.29665
2025-09-01,SP98,1.784153846153846,0.3934,0.0657999999999999,0.6936999999999999,0.2979230769230769,0.3338538461538461
2025-09-08,Gazole,1.6376428571428572,0.3934,0.0657999999999999,0.5974000000000002,0.2730714285714286,0.30815
2025-09-08,SP95-E10,1.715857142857143,0.3934,0.0657999999999999,0.6582,0.2861428571428571,0.3125071428571428
2025-09-08,SP98,1.8020769230769231,0.3934,0.0657999999999999,0.6936999999999999,0.3009230769230769,0.3488615384615384
2025-09-15,Gazole,1.6496428571428576,0.3934,0.0657999999999999,0.5974000000000002,0.2751428571428571,0.3182
2025-09-15,SP95-E10,1.727714285714286,0.3934,0.0657999999999999,0.6582,0.2879999999999999,0.3223071428571428
2025-09-15,SP98,1.815769230769231,0.3934,0.0657999999999999,0.6936999999999999,0.3031538461538461,0.3602461538461539
2025-09-22,Gazole,1.6556428571428572,0.3934,0.0657999999999999,0.5974000000000002,0.2762142857142857,0.3231285714285714
2025-09-22,SP95-E10,1.726357142857143,0.3934,0.0657999999999999,0.6582,0.2877857142857142,0.3212785714285714
2025-09-22,SP98,1.8163076923076924,0.3934,0.0657999999999999,0.6936999999999999,0.3033076923076923,0.3607692307692307
2025-09-29,Gazole,1.6555714285714287,0.3934,0.0657999999999999,0.5974000000000002,0.2760714285714286,0.3231214285714285
2025-09-29,SP95-E10,1.7246428571428574,0.3934,0.0657999999999999,0.6582,0.2873571428571428,0.3198071428571429
2025-09-29,SP98,1.8134615384615385,0.3934,0.0657999999999999,0.6936999999999999,0.3026923076923077,0.3582692307692308
2025-10-06,Gazole,1.6377142857142857,0.3735,0.0635,0.5974000000000002,0.2729285714285714,0.3303857142857143
2025-10-06,SP95-E10,1.7105,0.3735,0.0635,0.6582,0.2850714285714286,0.3303142857142857
2025-10-06,SP98,1.800769230769231,0.3735,0.0635,0.6936999999999999,0.3003846153846153,0.3699076923076922
2025-10-13,Gazole,1.6074285714285714,0.3735,0.0635,0.5974000000000002,0.2679285714285714,0.3051714285714286
2025-10-13,SP95-E10,1.6869285714285718,0.3735,0.0635,0.6582,0.2810714285714286,0.3106285714285714
2025-10-13,SP98,1.7772307692307692,0.3735,0.0635,0.6936999999999999,0.2966153846153846,0.3503769230769231
2025-10-20,Gazole,1.6146428571428575,0.3735,0.0635,0.5974000000000002,0.2692142857142857,0.3111
2025-10-20,SP95-E10,1.694142857142857,0.3735,0.0635,0.6582,0.2826428571428571,0.3166571428571428
2025-10-20,SP98,1.7853076923076925,0.3735,0.0635,0.6936999999999999,0.2982307692307692,0.3570923076923076
2025-10-27,Gazole,1.6557142857142857,0.3735,0.0635,0.5974000000000002,0.2762142857142857,0.3452642857142857
2025-10-27,SP95-E10,1.7084999999999997,0.3735,0.0635,0.6582,0.2846428571428571,0.3285071428571428
2025-10-27,SP98,1.7968461538461538,0.3735,0.0635,0.6936999999999999,0.3000769230769231,0.3666384615384614
2025-11-03,Gazole,1.6864285714285716,0.3694,0.0919,0.5974000000000002,0.2812142857142857,0.3467142857142857
2025-11-03,SP95-E10,1.7195714285714283,0.3694,0.0919,0.6582,0.2867857142857142,0.3134928571428571
2025-11-03,SP98,1.8076153846153848,0.3694,0.0919,0.6936999999999999,0.3018461538461538,0.3514076923076923
2025-11-10,Gazole,1.7089285714285716,0.3694,0.0919,0.5974000000000002,0.2850714285714285,0.3654142857142857
2025-11-10,SP95-E10,1.7313571428571428,0.3694,0.0919,0.6582,0.2886428571428571,0.3232499999999999
2025-11-10,SP98,1.8203846153846155,0.3694,0.0919,0.6936999999999999,0.3039999999999999,0.3620538461538461
2025-11-17,Gazole,1.725285714285714,0.3694,0.0919,0.5974000000000002,0.2877857142857142,0.3790571428571428
2025-11-17,SP95-E10,1.7429285714285714,0.3694,0.0919,0.6582,0.2904999999999999,0.3329285714285714
2025-11-17,SP98,1.8313076923076923,0.3694,0.0919,0.6936999999999999,0.3056923076923077,0.3711230769230769
2025-11-24,Gazole,1.701285714285714,0.3694,0.0919,0.5974000000000002,0.2836428571428571,0.3589357142857142
2025-11-24,SP95-E10,1.7237142857142858,0.3694,0.0919,0.6582,0.2875,0.3169142857142857
2025-11-24,SP98,1.8146153846153843,0.3694,0.0919,0.6936999999999999,0.3029230769230769,0.3572153846153846
2025-12-01,Gazole,1.6675714285714285,0.3619,0.0503,0.5974000000000002,0.2777857142857143,0.3801928571428571
2025-12-01,SP95-E10,1.7200000000000002,0.3619,0.0503,0.6582,0.2867142857142857,0.3630357142857143
2025-12-01,SP98,1.8099230769230767,0.3619,0.0503,0.6936999999999999,0.3023076923076923,0.4023461538461538
2025-12-08,Gazole,1.6409285714285713,0.3619,0.0503,0.5974000000000002,0.2734285714285714,0.3579714285714286
2025-12-08,SP95-E10,1.7061428571428574,0.3619,0.0503,0.6582,0.2842857142857143,0.3514714285714286
2025-12-08,SP98,1.7965384615384616,0.3619,0.0503,0.6936999999999999,0.2999230769230769,0.3911769230769231
2025-12-15,Gazole,1.5895,0.3619,0.0503,0.5974000000000002,0.2648571428571428,0.3150714285714285
2025-12-15,SP95-E10,1.6592142857142858,0.3619,0.0503,0.6582,0.2765,0.3123571428571429
2025-12-15,SP98,1.747,0.3619,0.0503,0.6936999999999999,0.2916153846153846,0.3500461538461538
2025-12-22,Gazole,1.591714285714286,0.3619,0.0503,0.5974000000000002,0.2655714285714285,0.3168
2025-12-22,SP95-E10,1.661214285714286,0.3619,0.0503,0.6582,0.2769999999999999,0.3139928571428572
2025-12-22,SP98,1.7495384615384617,0.3619,0.0503,0.6936999999999999,0.2922307692307692,0.3519923076923076
2025-12-29,Gazole,1.6135,0.3619,0.0503,0.5974000000000002,0.2689285714285714,0.3349571428571428
2025-12-29,SP95-E10,1.6756428571428572,0.3619,0.0503,0.6582,0.2792857142857143,0.3260142857142857
2025-12-29,SP98,1.763769230769231,0.3619,0.0503,0.6936999999999999,0.2944615384615384,0.3639538461538462
2026-01-05,Gazole,1.648785714285714,0.3854,0.0277999999999999,0.5974000000000002,0.2748571428571429,0.3633357142857143
2026-01-05,SP95-E10,1.699857142857143,0.3854,0.0277999999999999,0.6582,0.2833571428571428,0.3452142857142857
2026-01-05,SP98,1.789076923076923,0.3854,0.0277999999999999,0.6936999999999999,0.2982307692307692,0.3839615384615384
2026-01-12,Gazole,1.6665,0.3854,0.0277999999999999,0.5974000000000002,0.2777857142857143,0.3781714285714285
2026-01-12,SP95-E10,1.7110714285714284,0.3854,0.0277999999999999,0.6582,0.2852142857142857,0.3545642857142857
2026-01-12,SP98,1.801923076923077,0.3854,0.0277999999999999,0.6936999999999999,0.3003076923076923,0.3946923076923076
2026-01-19,Gazole,1.6834285714285715,0.3854,0.0277999999999999,0.5974000000000002,0.2805714285714286,0.3922357142857142
2026-01-19,SP95-E10,1.7130714285714286,0.3854,0.0277999999999999,0.6582,0.2855,0.3562071428571428
2026-01-19,SP98,1.808692307692308,0.3854,0.0277999999999999,0.6936999999999999,0.3013846153846153,0.4003692307692308
2026-01-26,Gazole,1.697214285714286,0.3854,0.0277999999999999,0.5974000000000002,0.2828571428571428,0.4037285714285714
2026-01-26,SP95-E10,1.7171428571428573,0.3854,0.0277999999999999,0.6582,0.2860714285714286,0.3595285714285713
2026-01-26,SP98,1.8124615384615383,0.3854,0.0277999999999999,0.6936999999999999,0.3023076923076923,0.4035923076923076
2026-02-02,Gazole,1.7064285714285712,0.4101999999999999,0.0354999999999999,0.5974000000000002,0.2844285714285715,0.3790214285714285
2026-02-02,SP95-E10,1.719,0.4101999999999999,0.0354999999999999,0.6582,0.2864999999999999,0.3286071428571428
2026-02-02,SP98,1.813153846153846,0.4101999999999999,0.0354999999999999,0.6936999999999999,0.302076923076923,0.3715538461538461
2026-02-09,Gazole,1.7077857142857142,0.374197,0.0354999999999999,0.5974000000000002,0.2845714285714285,0.4160714285714286
2026-02-09,SP95-E10,1.7279999999999998,0.374197,0.0354999999999999,0.6582,0.2879285714285714,0.372142857142857
2026-02-09,SP98,1.8223846153846155,0.374197,0.0354999999999999,0.6936999999999999,0.3036923076923077,0.4152923076923077
2026-02-16,Gazole,1.6890714285714286,0.381659,0.0354999999999999,0.5974000000000002,0.2815,0.3929357142857143
2026-02-16,SP95-E10,1.7055,0.381659,0.0354999999999999,0.6582,0.2842142857142857,0.3459571428571429
2026-02-16,SP98,1.8042307692307693,0.381659,0.0354999999999999,0.6936999999999999,0.3008461538461539,0.3927230769230769
2026-02-23,Gazole,1.7294999999999998,0.380586,0.0354999999999999,0.5974000000000002,0.2882857142857143,0.427742857142857
2026-02-23,SP95-E10,1.7396428571428568,0.380586,0.0354999999999999,0.6582,0.29,0.3754071428571429
2026-02-23,SP98,1.8355384615384616,0.380586,0.0354999999999999,0.6936999999999999,0.3059230769230769,0.4197615384615384
2026-03-02,Gazole,1.8912142857142853,0.4613779999999999,0.0354999999999999,0.5974000000000002,0.3150714285714286,0.4816214285714285
2026-03-02,SP95-E10,1.8019285714285709,0.4613779999999999,0.0354999999999999,0.6582,0.3002857142857142,0.3464142857142857
2026-03-02,SP98,1.893461538461539,0.4613779999999999,0.0354999999999999,0.6936999999999999,0.3155384615384615,0.3873461538461538
2026-03-09,Gazole,2.0290714285714286,0.5231979999999999,0.0354999999999999,0.5974000000000002,0.3381428571428572,0.5349357142857144
2026-03-09,SP95-E10,1.8751428571428568,0.5231979999999999,0.0354999999999999,0.6582,0.3124999999999999,0.3456928571428571
2026-03-09,SP98,1.960692307692308,0.5231979999999999,0.0354999999999999,0.6936999999999999,0.3267692307692308,0.3815846153846153
2026-03-16,Gazole,2.102,0.6087240000000003,0.0354999999999999,0.5974000000000002,0.3649285714285714,0.5100357142857143
2026-03-16,SP95-E10,1.9454285714285715,0.6087240000000003,0.0354999999999999,0.6582,0.3382142857142857,0.3188214285714285
2026-03-16,SP98,2.021307692307692,0.6087240000000003,0.0354999999999999,0.6936999999999999,0.3473076923076924,0.3464230769230769
2026-03-23,Gazole,2.214928571428572,0.6051070000000001,0.0354999999999999,0.5974000000000002,0.3858571428571429,0.6078071428571429
2026-03-23,SP95-E10,2.000428571428571,0.6051070000000001,0.0354999999999999,0.6582,0.3401428571428571,0.36825
2026-03-23,SP98,2.065230769230769,0.6051070000000001,0.0354999999999999,0.6936999999999999,0.354,0.3866923076923077
2026-03-30,Gazole,2.2655,0.676216,0.0354999999999999,0.5974000000000002,0.394,0.5788642857142857
2026-03-30,SP95-E10,2.018785714285715,0.676216,0.0354999999999999,0.6582,0.3417857142857143,0.3124642857142857
2026-03-30,SP98,2.0865384615384617,0.676216,0.0354999999999999,0.6936999999999999,0.3557692307692307,0.3334307692307692
2026-04-06,Gazole,2.3701428571428567,0.676216,0.0354999999999999,0.5974000000000002,0.396,0.6659214285714287
2026-04-06,SP95-E10,2.0280714285714287,0.676216,0.0354999999999999,0.6582,0.3376428571428572,0.3202500000000001
2026-04-06,SP98,2.101769230769231,0.676216,0.0354999999999999,0.6936999999999999,0.3503076923076922,0.3460538461538461
2026-04-13,Gazole,2.328969,0.679089,0.137956,0.5974,0.388161,0.526362
2026-04-13,SP95-E10,2.001041,0.679089,0.137956,0.6582,0.333507,0.192289
2026-04-13,SP98,2.097728,0.679089,0.137956,0.6937,0.349621,0.237362
2026-04-20,Gazole,2.231928,0.647953,0.137956,0.5974,0.371988,0.476631
2026-04-20,SP95-E10,1.977627,0.647953,0.137956,0.6582,0.329604,0.203914
2026-04-20,SP98,2.078216,0.647953,0.137956,0.6937,0.346369,0.252238
2026-04-27,Gazole,2.203406,0.567169,0.137956,0.5974,0.367234,0.533647
2026-04-27,SP95-E10,1.997049,0.567169,0.137956,0.6582,0.332842,0.300883
2026-04-27,SP98,2.085244,0.567169,0.137956,0.6937,0.347541,0.338878
2026-05-11,Gazole,2.185327,0.667461,0.137956,0.5974,0.364221,0.418289
2026-05-11,SP95-E10,2.037995,0.667461,0.137956,0.6582,0.339666,0.234712
2026-05-11,SP98,2.131212,0.667461,0.137956,0.6937,0.355202,0.276893
